nameWallPaper,nameColor-0,image-0,nameColor-1,image-1,nameColor-2,image-2,nameColor-3,image-3,nameColor1,nameColor-4,image-4,nameColor-5,image-5,nameColor-6,image-6,nameColor-7,image-7
PIMPERNEL,Woad,https://cdn.sandersondesigngroup.com/processed-images/products/small/MSIM217062.jpg,Weld/Leaf Green,https://cdn.sandersondesigngroup.com/processed-images/products/small/MSIM217063.jpg,Cochineal Pink,https://cdn.sandersondesigngroup.com/processed-images/products/small/MSIM217064.jpg,Sunflower/Pink,https://cdn.sandersondesigngroup.com/processed-images/products/small/MSIM217065.jpg,,,,,,,,,
SIMPLY STRAWBERRY THIEF,Slate/Vellum,https://cdn.sandersondesigngroup.com/processed-images/products/small/MSIM217060.jpg,Woad,https://cdn.sandersondesigngroup.com/processed-images/products/small/MSIM217058.jpg,Cochineal Pink,https://cdn.sandersondesigngroup.com/processed-images/products/small/MSIM217061.jpg,Madder,https://cdn.sandersondesigngroup.com/processed-images/products/small/MSIM217059.jpg,,,,,,,,,
FRUIT,Slate/Vellum,https://cdn.sandersondesigngroup.com/processed-images/products/small/MSIM217084.jpg,Green Indigo/Madder,https://cdn.sandersondesigngroup.com/processed-images/products/small/MSIM217085.jpg,Leaf Green/Madder,https://cdn.sandersondesigngroup.com/processed-images/products/small/MSIM217086.jpg,Bayleaf/Russet,https://cdn.sandersondesigngroup.com/processed-images/products/small/MSIM217087.jpg,,,,,,,,,
WILLOW BOUGHS,Willow/Seaglass,https://cdn.sandersondesigngroup.com/processed-images/products/small/MSIM217083.jpg,Woad,https://cdn.sandersondesigngroup.com/processed-images/products/small/MSIM217080.jpg,Leaf Green,https://cdn.sandersondesigngroup.com/processed-images/products/small/MSIM217081.jpg,Linen,https://cdn.sandersondesigngroup.com/processed-images/products/small/MSIM217082.jpg,,,,,,,,,
MALLOW,Powder Blue,https://cdn.sandersondesigngroup.com/processed-images/products/small/MSIM217071.jpg,Weld,https://cdn.sandersondesigngroup.com/processed-images/products/small/MSIM217072.jpg,,,,,,,,,,,,,
WILHELMINA,,,,https://cdn.sandersondesigngroup.com/processed-images/products/small/DMSW216671.jpg,,,,,Indigo,,,,,,,,
BACHELORS BUTTON,Blue,https://cdn.sandersondesigngroup.com/processed-images/products/small/DM3W214732.jpg,Thyme,https://cdn.sandersondesigngroup.com/processed-images/products/small/DM3W214736.jpg,Linen,https://cdn.sandersondesigngroup.com/processed-images/products/small/DM3W214733.jpg,Ecru,https://cdn.sandersondesigngroup.com/processed-images/products/small/DM3W214738.jpg,,Russet,https://cdn.sandersondesigngroup.com/processed-images/products/small/DM3W214734.jpg,Gold,https://cdn.sandersondesigngroup.com/processed-images/products/small/DM3W214737.jpg,,,,
ST JAMES CEILING,China Blue,https://cdn.sandersondesigngroup.com/processed-images/products/small/MSIM217079.jpg,Willow,https://cdn.sandersondesigngroup.com/processed-images/products/small/MSIM217077.jpg,Sunflower,https://cdn.sandersondesigngroup.com/processed-images/products/small/MSIM217078.jpg,,,,,,,,,,,
WILLOW BOUGHS,Sky/Leaf Green,https://cdn.sandersondesigngroup.com/processed-images/products/small/DBPW216948.jpg,Bitter Chocolate,https://cdn.sandersondesigngroup.com/processed-images/products/small/DBPW216950.jpg,Olive/Turquoise,https://cdn.sandersondesigngroup.com/processed-images/products/small/DBPW216952.jpg,Pink/Leaf Green,https://cdn.sandersondesigngroup.com/processed-images/products/small/DBPW216949.jpg,,Tomato/Olive,https://cdn.sandersondesigngroup.com/processed-images/products/small/DBPW216951.jpg,,,,,,
BIRD & ANEMONE,,,,https://cdn.sandersondesigngroup.com/processed-images/products/small/DBPW216958.jpg,,,,,Olive/Turquoise,,,,,,,,
BACHELORS BUTTON,,,,https://cdn.sandersondesigngroup.com/processed-images/products/small/DBPW216959.jpg,,,,,Olive/Turquoise,,,,,,,,
FRUIT,Chocolate,https://cdn.sandersondesigngroup.com/processed-images/products/small/MCOW217103.jpg,Sky,https://cdn.sandersondesigngroup.com/processed-images/products/small/MCOW217102.jpg,,,,,,,,,,,,,
COMPTON,Spring,https://cdn.sandersondesigngroup.com/processed-images/products/small/MCOW217098.jpg,Summer Yellow,https://cdn.sandersondesigngroup.com/processed-images/products/small/MCOW217099.jpg,,,,,,,,,,,,,
BLACKTHORN,,,,https://cdn.sandersondesigngroup.com/processed-images/products/small/MCOW217105.jpg,,,,,Spring,,,,,,,,
WILLOW,Sky/Leaf,https://cdn.sandersondesigngroup.com/processed-images/products/small/DBPW216964.jpg,Cream/Brown,https://cdn.sandersondesigngroup.com/processed-images/products/small/DBPW216965.jpg,Yellow,https://cdn.sandersondesigngroup.com/processed-images/products/small/DBPW216963.jpg,,,,,,,,,,,
WOODLAND WEEDS,Orange/Turquoise,https://cdn.sandersondesigngroup.com/processed-images/products/small/MCOW217101.jpg,Sap Green,https://cdn.sandersondesigngroup.com/processed-images/products/small/MCOW217100.jpg,,,,,,,,,,,,,
MARIGOLD,Sap Green,https://cdn.sandersondesigngroup.com/processed-images/products/small/MCOW217090.jpg,Chartreuse,https://cdn.sandersondesigngroup.com/processed-images/products/small/MCOW217092.jpg,Orange,https://cdn.sandersondesigngroup.com/processed-images/products/small/MCOW217093.jpg,Yellow,https://cdn.sandersondesigngroup.com/processed-images/products/small/MCOW217091.jpg,,,,,,,,,
WILLOW BOUGH,Leaf Green,https://cdn.sandersondesigngroup.com/processed-images/products/small/MCOW217088.jpg,Summer Yellow,https://cdn.sandersondesigngroup.com/processed-images/products/small/MCOW217089.jpg,,,,,,,,,,,,,
TRELLIS,,,,https://cdn.sandersondesigngroup.com/processed-images/products/small/MCOW217104.jpg,,,,,Summer Yellow,,,,,,,,
BACHELORS BUTTON,Leaf Green/Sky,https://cdn.sandersondesigngroup.com/processed-images/products/small/MCOW217096.jpg,Burnt Orange/Sky,https://cdn.sandersondesigngroup.com/processed-images/products/small/MCOW217097.jpg,,,,,,,,,,,,,
HONEYSUCKLE,Sky/Burnt Orange,https://cdn.sandersondesigngroup.com/processed-images/products/small/MCOW217094.jpg,Cream/Chocolate,https://cdn.sandersondesigngroup.com/processed-images/products/small/MCOW217095.jpg,,,,,,,,,,,,,
BLACKTHORN,,,,https://cdn.sandersondesigngroup.com/processed-images/products/small/DCMW216857.jpg,,,,,Green,,,,,,,,
OWL & WILLOW,,,,https://cdn.sandersondesigngroup.com/processed-images/products/small/DCMW217055.jpg,,,,,Bayleaf/Orange,,,,,,,,
HONEYSUCKLE & TULIP,,,,https://cdn.sandersondesigngroup.com/processed-images/products/small/DCMW216827.jpg,,,,,Charcoal/Gold,,,,,,,,
WILLOW BOUGHS MINOR,,,,https://cdn.sandersondesigngroup.com/processed-images/products/small/DCMW216814.jpg,,,,,Privet,,,,,,,,
FRUIT,Slate/Thyme,https://cdn.sandersondesigngroup.com/processed-images/products/small/DCMW216819.jpg,Limestone / Artichoke,https://cdn.sandersondesigngroup.com/processed-images/products/small/DCMW216840.jpg,Beige/Gold/Coral,https://cdn.sandersondesigngroup.com/processed-images/products/small/DCMW216859.jpg,,,,,,,,,,,
MELSETTER (3M STOCKED),Indigo Rose,https://cdn.sandersondesigngroup.com/processed-images/products/small/DMSW216706.jpg,Ivory Sage,https://cdn.sandersondesigngroup.com/processed-images/products/small/DMSW216707.jpg,,,,,,,,,,,,,
WANDLE,Blue/Stone,https://cdn.sandersondesigngroup.com/processed-images/products/small/DCMW216805.jpg,Indigo/Madder,https://cdn.sandersondesigngroup.com/processed-images/products/small/DCMW216849.jpg,Grey/Stone,https://cdn.sandersondesigngroup.com/processed-images/products/small/DCMW216826.jpg,,,,,,,,,,,
STRAWBERRY THIEF,Indigo/Mineral,https://cdn.sandersondesigngroup.com/processed-images/products/small/DCMW216804.jpg,Chocolate/Slate,https://cdn.sandersondesigngroup.com/processed-images/products/small/DCMW216868.jpg,Crimson/Slate,https://cdn.sandersondesigngroup.com/processed-images/products/small/DCMW216848.jpg,,,,,,,,,,,
MORRIS BELLFLOWERS,,,,https://cdn.sandersondesigngroup.com/processed-images/products/small/DCMW216806.jpg,,,,,Indigo/Linen,,,,,,,,
SNAKESHEAD,Indigo/Cumin,https://cdn.sandersondesigngroup.com/processed-images/products/small/DCMW216812.jpg,Stone/Cream,https://cdn.sandersondesigngroup.com/processed-images/products/small/DCMW216822.jpg,Charcoal/Spice,https://cdn.sandersondesigngroup.com/processed-images/products/small/DCMW216870.jpg,Forest/Thyme,https://cdn.sandersondesigngroup.com/processed-images/products/small/DCMW216863.jpg,,Gold/Linen,https://cdn.sandersondesigngroup.com/processed-images/products/small/DCMW216828.jpg,Madder/Gold,https://cdn.sandersondesigngroup.com/processed-images/products/small/DCMW216847.jpg,,,,
WILLOW,Slate,https://cdn.sandersondesigngroup.com/processed-images/products/small/DCMW216817.jpg,Olive,https://cdn.sandersondesigngroup.com/processed-images/products/small/DCMW216835.jpg,Camomile,https://cdn.sandersondesigngroup.com/processed-images/products/small/DCMW216830.jpg,,,,,,,,,,,
MORRIS SEAWEED,Cobalt/Thyme,https://cdn.sandersondesigngroup.com/processed-images/products/small/DCMW216865.jpg,Ebony/Poppy,https://cdn.sandersondesigngroup.com/processed-images/products/small/DCMW216851.jpg,Silver/Ecru,https://cdn.sandersondesigngroup.com/processed-images/products/small/DCMW216825.jpg,Red/Gold,https://cdn.sandersondesigngroup.com/processed-images/products/small/DCMW216846.jpg,,,,,,,,,
ARBUTUS,,,,https://cdn.sandersondesigngroup.com/processed-images/products/small/DCMW216809.jpg,,,,,Woad/Russet,,,,,,,,
BACHELORS BUTTON,,,,https://cdn.sandersondesigngroup.com/processed-images/products/small/DCMW216824.jpg,,,,,Silver,,,,,,,,
MARIGOLD,Wedgwood,https://cdn.sandersondesigngroup.com/processed-images/products/small/DCMW216810.jpg,Artichoke,https://cdn.sandersondesigngroup.com/processed-images/products/small/DCMW216837.jpg,Cowslip,https://cdn.sandersondesigngroup.com/processed-images/products/small/DCMW216832.jpg,Brick/Manilla,https://cdn.sandersondesigngroup.com/processed-images/products/small/DCMW216844.jpg,,,,,,,,,
JASMINE,,,,https://cdn.sandersondesigngroup.com/processed-images/products/small/DCMW216808.jpg,,,,,Ecru/Woad,,,,,,,,
BRAMBLE,,,,https://cdn.sandersondesigngroup.com/processed-images/products/small/DCMW216811.jpg,,,,,Indigo,,,,,,,,
WILLOW BOUGHS,Blue,https://cdn.sandersondesigngroup.com/processed-images/products/small/DCMW216807.jpg,Green,https://cdn.sandersondesigngroup.com/processed-images/products/small/DCMW216866.jpg,,,,,,,,,,,,,
THE BROOK,Linen,https://cdn.sandersondesigngroup.com/processed-images/products/small/DCMW216821.jpg,Dark Blue,https://cdn.sandersondesigngroup.com/processed-images/products/small/DCMW216813.jpg,,,,,,,,,,,,,
BIRD & POMEGRANATE,Turquoise/Coral,https://cdn.sandersondesigngroup.com/processed-images/products/small/DCMW216820.jpg,Blue/Sage,https://cdn.sandersondesigngroup.com/processed-images/products/small/DCMW216815.jpg,Charcoal/Sage,https://cdn.sandersondesigngroup.com/processed-images/products/small/DCMW216867.jpg,Bayleaf/Cream,https://cdn.sandersondesigngroup.com/processed-images/products/small/DCMW216841.jpg,,,,,,,,,
MONTREAL,,,,https://cdn.sandersondesigngroup.com/processed-images/products/small/DCMW216862.jpg,,,,,Forest/Teal,,,,,,,,
LEICESTER,,,,https://cdn.sandersondesigngroup.com/processed-images/products/small/DCMW216864.jpg,,,,,Woad/Sage,,,,,,,,
BLACKTHORN,,,,https://cdn.sandersondesigngroup.com/processed-images/products/small/DBPW216962.jpg,,,,,Autumn,,,,,,,,
HONEYSUCKLE,,,,https://cdn.sandersondesigngroup.com/processed-images/products/small/DCMW216842.jpg,,,,,Green/Beige/Pink,,,,,,,,
STANDEN,,,,https://cdn.sandersondesigngroup.com/processed-images/products/small/DCMW216833.jpg,,,,,Fennel,,,,,,,,
DAISY,,,,https://cdn.sandersondesigngroup.com/processed-images/products/small/DCMW216838.jpg,,,,,Artichoke/Plaster,,,,,,,,
MARIGOLD,Navy,https://cdn.sandersondesigngroup.com/processed-images/products/small/DBPW216954.jpg,Chocolate/Cream,https://cdn.sandersondesigngroup.com/processed-images/products/small/DBPW216955.jpg,Pink/Olive,https://cdn.sandersondesigngroup.com/processed-images/products/small/DBPW216953.jpg,,,,,,,,,,,
PIMPERNEL,Bayleaf/Manilla,https://cdn.sandersondesigngroup.com/processed-images/products/small/DCMW216856.jpg,Bullrush/Russet,https://cdn.sandersondesigngroup.com/processed-images/products/small/DCMW216852.jpg,Brick/Olive,https://cdn.sandersondesigngroup.com/processed-images/products/small/DCMW216845.jpg,,,,,,,,,,,
HONEYSUCKLE & TULIP,Emerald/Russet,https://cdn.sandersondesigngroup.com/processed-images/products/small/DM3W214704.jpg,Taupe/Aqua,https://cdn.sandersondesigngroup.com/processed-images/products/small/DM3W214702.jpg,Burgundy/Sage,https://cdn.sandersondesigngroup.com/processed-images/products/small/DM3W214703.jpg,Red/Gold,https://cdn.sandersondesigngroup.com/processed-images/products/small/DM3W214700.jpg,,,,,,,,,
PURE LODDEN,Taupe/Gold,https://cdn.sandersondesigngroup.com/processed-images/products/small/DMPU216028.jpg,Charcoal/Gold,https://cdn.sandersondesigngroup.com/processed-images/products/small/DMPU216027.jpg,Gilver/Gold,https://cdn.sandersondesigngroup.com/processed-images/products/small/DMPU216029.jpg,Chalk/Eggshell,https://cdn.sandersondesigngroup.com/processed-images/products/small/DMPU216030.jpg,,Ivory/Linen,https://cdn.sandersondesigngroup.com/processed-images/products/small/DMPU216031.jpg,,,,,,
WILLOW,Bullrush,https://cdn.sandersondesigngroup.com/processed-images/products/small/DM6P210380.jpg,Buff,https://cdn.sandersondesigngroup.com/processed-images/products/small/DM6P210385.jpg,Russet,https://cdn.sandersondesigngroup.com/processed-images/products/small/DM6P210381.jpg,,,,,,,,,,,
BULLERSWOOD,Stone/Mustard,https://cdn.sandersondesigngroup.com/processed-images/products/small/DMA4216447.jpg,Spice/Manilla,https://cdn.sandersondesigngroup.com/processed-images/products/small/DMA4216446.jpg,,,,,,,,,,,,,
ARTICHOKE,,,,https://cdn.sandersondesigngroup.com/processed-images/products/small/DCMW216850.jpg,,,,,Wine,,,,,,,,
POPPY,Cream/Chocolate,https://cdn.sandersondesigngroup.com/processed-images/products/small/DBPW216957.jpg,Claret,https://cdn.sandersondesigngroup.com/processed-images/products/small/DBPW216956.jpg,,,,,,,,,,,,,
SUNFLOWER,Chocolate/Cream,https://cdn.sandersondesigngroup.com/processed-images/products/small/DBPW216961.jpg,Chocolate/Red,https://cdn.sandersondesigngroup.com/processed-images/products/small/DBPW216960.jpg,,,,,,,,,,,,,
GARDEN CRAFT,Ink,https://cdn.sandersondesigngroup.com/processed-images/products/small/DM6P210357.jpg,Duckegg,https://cdn.sandersondesigngroup.com/processed-images/products/small/DM6P210358.jpg,Vellum,https://cdn.sandersondesigngroup.com/processed-images/products/small/DM6P210360.jpg,Brick,https://cdn.sandersondesigngroup.com/processed-images/products/small/DM6P210356.jpg,,Limestone,https://cdn.sandersondesigngroup.com/processed-images/products/small/DM6P210361.jpg,,,,,,
PURE MARIGOLD,Black Ink,https://cdn.sandersondesigngroup.com/processed-images/products/small/DMPN216535.jpg,Cloud Grey,https://cdn.sandersondesigngroup.com/processed-images/products/small/DMPN216536.jpg,Soft Gilver,https://cdn.sandersondesigngroup.com/processed-images/products/small/DMPN216537.jpg,,,,,,,,,,,
PURE BRER RABBIT,Ink/Gold,https://cdn.sandersondesigngroup.com/processed-images/products/small/DMPN216530.jpg,Gilver,https://cdn.sandersondesigngroup.com/processed-images/products/small/DMPN216532.jpg,Linen,https://cdn.sandersondesigngroup.com/processed-images/products/small/DMPN216531.jpg,Faded Sea Pink,https://cdn.sandersondesigngroup.com/processed-images/products/small/DMPN216533.jpg,,White Clover,https://cdn.sandersondesigngroup.com/processed-images/products/small/DMPN216534.jpg,,,,,,
CHRYSANTHEMUM TOILE,,,,https://cdn.sandersondesigngroup.com/processed-images/products/small/DCMW216861.jpg,,,,,Eggshell/Gold,,,,,,,,
PURE SUNFLOWER,Mole/Gold,https://cdn.sandersondesigngroup.com/processed-images/products/small/DMPU216045.jpg,Copper/Russet,https://cdn.sandersondesigngroup.com/processed-images/products/small/DMPU216046.jpg,Pearl/Ivory,https://cdn.sandersondesigngroup.com/processed-images/products/small/DMPU216048.jpg,Parchment/Gold,https://cdn.sandersondesigngroup.com/processed-images/products/small/DMPU216047.jpg,,Chalk/Silver,https://cdn.sandersondesigngroup.com/processed-images/products/small/DMPU216049.jpg,,,,,,
MARIGOLD,Bullrush,https://cdn.sandersondesigngroup.com/processed-images/products/small/DM6P210366.jpg,Linen,https://cdn.sandersondesigngroup.com/processed-images/products/small/DM6P210371.jpg,Manilla,https://cdn.sandersondesigngroup.com/processed-images/products/small/DM6P210372.jpg,,,,,,,,,,,
PINK & ROSE,,,,https://cdn.sandersondesigngroup.com/processed-images/products/small/DCMW216836.jpg,,,,,Cowslip/Fennel,,,,,,,,
DOUBLE BOUGH,Slate Blue,https://cdn.sandersondesigngroup.com/processed-images/products/small/DMSW216682.jpg,Teal Rose,https://cdn.sandersondesigngroup.com/processed-images/products/small/DMSW216680.jpg,Antique Gold,https://cdn.sandersondesigngroup.com/processed-images/products/small/DMSW216681.jpg,Pewter,https://cdn.sandersondesigngroup.com/processed-images/products/small/DMSW216684.jpg,,Carmine Red,https://cdn.sandersondesigngroup.com/processed-images/products/small/DMSW216683.jpg,,,,,,
MALLOW,Chalk Duck Egg,https://cdn.sandersondesigngroup.com/processed-images/products/small/DMSW216679.jpg,Apple Green,https://cdn.sandersondesigngroup.com/processed-images/products/small/DMSW216678.jpg,Cream Ivory,https://cdn.sandersondesigngroup.com/processed-images/products/small/DMSW216676.jpg,Dusky Rose,https://cdn.sandersondesigngroup.com/processed-images/products/small/DMSW216675.jpg,,Soft Gold,https://cdn.sandersondesigngroup.com/processed-images/products/small/DMSW216677.jpg,,,,,,
PURE STRAWBERRY THIEF,Silver/Stone,https://cdn.sandersondesigngroup.com/processed-images/products/small/DMPU216017.jpg,Gilver/Graphite,https://cdn.sandersondesigngroup.com/processed-images/products/small/DMPU216018.jpg,Taupe/Gilver,https://cdn.sandersondesigngroup.com/processed-images/products/small/DMPU216019.jpg,Ecru/Cream,https://cdn.sandersondesigngroup.com/processed-images/products/small/DMPU216020.jpg,,Oyster/Chalk,https://cdn.sandersondesigngroup.com/processed-images/products/small/DMPU216021.jpg,,,,,,
PURE THISTLE ( BEADED),,,,https://cdn.sandersondesigngroup.com/processed-images/products/small/DMPN216548.jpg,,,,,Gilver,,,,,,,,
PURE POPPY,Dove/Chalk,https://cdn.sandersondesigngroup.com/processed-images/products/small/DMPU216032.jpg,Cream/Gold,https://cdn.sandersondesigngroup.com/processed-images/products/small/DMPU216035.jpg,Ecru/Stone,https://cdn.sandersondesigngroup.com/processed-images/products/small/DMPU216034.jpg,,,,,,,,,,,
PURE BACHELORS BUTTON,Stone/Linen,https://cdn.sandersondesigngroup.com/processed-images/products/small/DMPU216050.jpg,Linen/Coral,https://cdn.sandersondesigngroup.com/processed-images/products/small/DMPU216051.jpg,,,,,,,,,,,,,
SCROLL,,,,https://cdn.sandersondesigngroup.com/processed-images/products/small/DCMW216831.jpg,,,,,Thyme/Pear,,,,,,,,
PINK & ROSE,Eggshell/Rose,https://cdn.sandersondesigngroup.com/processed-images/products/small/DARW212568.jpg,Indigo,https://cdn.sandersondesigngroup.com/processed-images/products/small/DARW212567.jpg,Manilla/Wine,https://cdn.sandersondesigngroup.com/processed-images/products/small/DARW212566.jpg,,,,,,,,,,,
MARY ISOBEL,Pink/Ivory,https://cdn.sandersondesigngroup.com/processed-images/products/small/DCMW216839.jpg,Russet/Taupe,https://cdn.sandersondesigngroup.com/processed-images/products/small/DCMW216843.jpg,,,,,,,,,,,,,
ARBUTUS,Thyme/Coral,https://cdn.sandersondesigngroup.com/processed-images/products/small/DM3W214719.jpg,Silver/Cobalt,https://cdn.sandersondesigngroup.com/processed-images/products/small/DM3W214721.jpg,Linen/Cream,https://cdn.sandersondesigngroup.com/processed-images/products/small/DM3W214717.jpg,Olive/Pink,https://cdn.sandersondesigngroup.com/processed-images/products/small/DM3W214720.jpg,,,,,,,,,
ACANTHUS,Terracotta,https://cdn.sandersondesigngroup.com/processed-images/products/small/DARW212551.jpg,Privet,https://cdn.sandersondesigngroup.com/processed-images/products/small/DARW212550.jpg,Marble,https://cdn.sandersondesigngroup.com/processed-images/products/small/DARW212553.jpg,Stone,https://cdn.sandersondesigngroup.com/processed-images/products/small/DARW212552.jpg,,Chalk,https://cdn.sandersondesigngroup.com/processed-images/products/small/DARW212554.jpg,,,,,,
GOLDEN LILY,Slate/Manilla,https://cdn.sandersondesigngroup.com/processed-images/products/small/DCMW216818.jpg,Biscuit/Brick,https://cdn.sandersondesigngroup.com/processed-images/products/small/DCMW216869.jpg,Indigo,https://cdn.sandersondesigngroup.com/processed-images/products/small/DCMW216816.jpg,Olive/Russet,https://cdn.sandersondesigngroup.com/processed-images/products/small/DCMW216834.jpg,,Pale Biscuit,https://cdn.sandersondesigngroup.com/processed-images/products/small/DCMW216858.jpg,Charcoal/Olive,https://cdn.sandersondesigngroup.com/processed-images/products/small/DCMW216853.jpg,,,,
DAISY,Blue/Ivory,https://cdn.sandersondesigngroup.com/processed-images/products/small/DARW212561.jpg,Willow/Pink,https://cdn.sandersondesigngroup.com/processed-images/products/small/DARW212562.jpg,Pale Green/Rose,https://cdn.sandersondesigngroup.com/processed-images/products/small/DARW212559.jpg,Coral/Manilla,https://cdn.sandersondesigngroup.com/processed-images/products/small/DARW212560.jpg,,,,,,,,,
OWEN JONES,,,,https://cdn.sandersondesigngroup.com/processed-images/products/small/DCMW216855.jpg,,,,,Forest,,,,,,,,
JASMINE,Silver/Charcoal,https://cdn.sandersondesigngroup.com/processed-images/products/small/DM3W214726.jpg,Sage/Leaf,https://cdn.sandersondesigngroup.com/processed-images/products/small/DM3W214722.jpg,Blossom Pink/Sage,https://cdn.sandersondesigngroup.com/processed-images/products/small/DM3W214725.jpg,Lilac/Olive,https://cdn.sandersondesigngroup.com/processed-images/products/small/DM3W214723.jpg,,,,,,,,,
CHRYSANTHEMUM,Pale Olive,https://cdn.sandersondesigngroup.com/processed-images/products/small/DARW212545.jpg,Bullrush,https://cdn.sandersondesigngroup.com/processed-images/products/small/DARW212547.jpg,Wine,https://cdn.sandersondesigngroup.com/processed-images/products/small/DARW212548.jpg,,,,,,,,,,,
MEADOW SWEET,,,,https://cdn.sandersondesigngroup.com/processed-images/products/small/DCMW216829.jpg,,,,,Gold/Slate,,,,,,,,
CHRYSANTHEMUM,Indigo,https://cdn.sandersondesigngroup.com/processed-images/products/small/DCMW216854.jpg,Chalk,https://cdn.sandersondesigngroup.com/processed-images/products/small/DCMW216823.jpg,Pink/Yellow/Green,https://cdn.sandersondesigngroup.com/processed-images/products/small/DCMW216860.jpg,,,,,,,,,,,
BROPHY TRELLIS,Deep Teal,https://cdn.sandersondesigngroup.com/processed-images/products/small/DMSW216699.jpg,Ivory Sage,https://cdn.sandersondesigngroup.com/processed-images/products/small/DMSW216700.jpg,Sage Linen,https://cdn.sandersondesigngroup.com/processed-images/products/small/DMSW216702.jpg,Russet Gold,https://cdn.sandersondesigngroup.com/processed-images/products/small/DMSW216701.jpg,,,,,,,,,
SCROLL,Loden/Slate,https://cdn.sandersondesigngroup.com/processed-images/products/small/DM6P210362.jpg,Vellum/Biscuit,https://cdn.sandersondesigngroup.com/processed-images/products/small/DM6P210363.jpg,Light Brick/Buff,https://cdn.sandersondesigngroup.com/processed-images/products/small/DM6P210364.jpg,,,,,,,,,,,
PURE DOVE & ROSE,Grey Blue,https://cdn.sandersondesigngroup.com/processed-images/products/small/DMPN216522.jpg,Cloud Grey,https://cdn.sandersondesigngroup.com/processed-images/products/small/DMPN216520.jpg,White Clover,https://cdn.sandersondesigngroup.com/processed-images/products/small/DMPN216521.jpg,,,,,,,,,,,
PURE HONEYSUCKLE & TULIP,Black Ink,https://cdn.sandersondesigngroup.com/processed-images/products/small/DMPN216523.jpg,Grey Blue,https://cdn.sandersondesigngroup.com/processed-images/products/small/DMPN216525.jpg,Cloud Grey,https://cdn.sandersondesigngroup.com/processed-images/products/small/DMPN216524.jpg,Linen,https://cdn.sandersondesigngroup.com/processed-images/products/small/DMPN216526.jpg,,,,,,,,,
PURE THISTLE,Black Ink,https://cdn.sandersondesigngroup.com/processed-images/products/small/DMPN216549.jpg,Grey Blue,https://cdn.sandersondesigngroup.com/processed-images/products/small/DMPN216550.jpg,Pebble,https://cdn.sandersondesigngroup.com/processed-images/products/small/DMPN216551.jpg,Linen,https://cdn.sandersondesigngroup.com/processed-images/products/small/DMPN216552.jpg,,,,,,,,,
ROSEHIP,Black,https://cdn.sandersondesigngroup.com/processed-images/products/small/DM3W214706.jpg,Mineral Blue,https://cdn.sandersondesigngroup.com/processed-images/products/small/DM3W214710.jpg,Indigo,https://cdn.sandersondesigngroup.com/processed-images/products/small/DM3W214711.jpg,Linen,https://cdn.sandersondesigngroup.com/processed-images/products/small/DM3W214709.jpg,,,,,,,,,
PURE ACORN,Gilver/Copper,https://cdn.sandersondesigngroup.com/processed-images/products/small/DMPU216041.jpg,Charcoal/Gilver,https://cdn.sandersondesigngroup.com/processed-images/products/small/DMPU216033.jpg,Ecru/Pewter,https://cdn.sandersondesigngroup.com/processed-images/products/small/DMPU216042.jpg,Linen/Ecru,https://cdn.sandersondesigngroup.com/processed-images/products/small/DMPU216040.jpg,,Chalk/Silver,https://cdn.sandersondesigngroup.com/processed-images/products/small/DMPU216043.jpg,Ivory/Pearl,https://cdn.sandersondesigngroup.com/processed-images/products/small/DMPU216044.jpg,,,,
PURE TRELLIS,Black Ink,https://cdn.sandersondesigngroup.com/processed-images/products/small/DMPN216527.jpg,Lightish Grey,https://cdn.sandersondesigngroup.com/processed-images/products/small/DMPN216528.jpg,Gold,https://cdn.sandersondesigngroup.com/processed-images/products/small/DMPN216529.jpg,,,,,,,,,,,
MONTREAL,Charcoal/Bronze,https://cdn.sandersondesigngroup.com/processed-images/products/small/DMA4216431.jpg,Grey/Charcoal,https://cdn.sandersondesigngroup.com/processed-images/products/small/DMA4216433.jpg,,,,,,,,,,,,,
NEWILL,Ivory Sage,https://cdn.sandersondesigngroup.com/processed-images/products/small/DMSW216705.jpg,Indigo Saffron,https://cdn.sandersondesigngroup.com/processed-images/products/small/DMSW216703.jpg,Peppermint Russet,https://cdn.sandersondesigngroup.com/processed-images/products/small/DMSW216704.jpg,,,,,,,,,,,
ACANTHUS,Slate Blue/Thyme,https://cdn.sandersondesigngroup.com/processed-images/products/small/DMA4216440.jpg,Charcoal/Grey,https://cdn.sandersondesigngroup.com/processed-images/products/small/DMA4216442.jpg,Manilla/Stone,https://cdn.sandersondesigngroup.com/processed-images/products/small/DMA4216441.jpg,Madder/Thyme,https://cdn.sandersondesigngroup.com/processed-images/products/small/DMA4216439.jpg,,,,,,,,,
BRER RABBIT,Forest/Manilla,https://cdn.sandersondesigngroup.com/processed-images/products/small/DMORBR102.jpg,Church Red,https://cdn.sandersondesigngroup.com/processed-images/products/small/DMORBR101.jpg,,,,,,,,,,,,,
SEASONS BY MAY,Indigo,https://cdn.sandersondesigngroup.com/processed-images/products/small/DMSW216686.jpg,Linen,https://cdn.sandersondesigngroup.com/processed-images/products/small/DMSW216687.jpg,Saffron,https://cdn.sandersondesigngroup.com/processed-images/products/small/DMSW216685.jpg,,,,,,,,,,,
APPLE,Indigo Antique,https://cdn.sandersondesigngroup.com/processed-images/products/small/DMSW216690.jpg,Bay Leaf,https://cdn.sandersondesigngroup.com/processed-images/products/small/DMSW216689.jpg,Rust Gold,https://cdn.sandersondesigngroup.com/processed-images/products/small/DMSW216688.jpg,Chalk Ivory,https://cdn.sandersondesigngroup.com/processed-images/products/small/DMSW216692.jpg,,Honey Gold,https://cdn.sandersondesigngroup.com/processed-images/products/small/DMSW216691.jpg,,,,,,
GARDEN TULIP,,,,https://cdn.sandersondesigngroup.com/processed-images/products/small/DM6P210392.jpg,,,,,Russet/Lichen,,,,,,,,
MEADOW SWEET,Charcoal/Rose,https://cdn.sandersondesigngroup.com/processed-images/products/small/DM6P210352.jpg,Cornflower/Leaf,https://cdn.sandersondesigngroup.com/processed-images/products/small/DM6P210348.jpg,Rose/Olive,https://cdn.sandersondesigngroup.com/processed-images/products/small/DM6P210347.jpg,,,,,,,,,,,
GOLDEN LILY,,,,https://cdn.sandersondesigngroup.com/processed-images/products/small/DMCR216460.jpg,,,,,Green/Red,,,,,,,,
PURE WILLOW BOUGHS,Charcoal/Black,https://cdn.sandersondesigngroup.com/processed-images/products/small/DMPU216026.jpg,Eggshell/Chalk,https://cdn.sandersondesigngroup.com/processed-images/products/small/DMPU216024.jpg,Dove/Ivory,https://cdn.sandersondesigngroup.com/processed-images/products/small/DMPU216025.jpg,Ecru/Silver,https://cdn.sandersondesigngroup.com/processed-images/products/small/DMPU216023.jpg,,Ivory/Pearl,https://cdn.sandersondesigngroup.com/processed-images/products/small/DMPU216022.jpg,,,,,,
ARTICHOKE,Vellum,https://cdn.sandersondesigngroup.com/processed-images/products/small/DM6P210353.jpg,Loam,https://cdn.sandersondesigngroup.com/processed-images/products/small/DM6P210354.jpg,,,,,,,,,,,,,
MORRIS BELLFLOWERS,Grey/Fennel,https://cdn.sandersondesigngroup.com/processed-images/products/small/DMA4216435.jpg,Saffron/Olive,https://cdn.sandersondesigngroup.com/processed-images/products/small/DMA4216438.jpg,Manilla/Olive,https://cdn.sandersondesigngroup.com/processed-images/products/small/DMA4216434.jpg,Linen/Cream,https://cdn.sandersondesigngroup.com/processed-images/products/small/DMA4216437.jpg,,,,,,,,,
INDIAN (BEADED),,,,https://cdn.sandersondesigngroup.com/processed-images/products/small/DMA4216443.jpg,,,,,Stone/Linen,,,,,,,,
PURE PIMPERNEL,Black Ink,https://cdn.sandersondesigngroup.com/processed-images/products/small/DMPN216539.jpg,Lightish Grey,https://cdn.sandersondesigngroup.com/processed-images/products/small/DMPN216538.jpg,,,,,,,,,,,,,
INDIAN,Grey/Pewter,https://cdn.sandersondesigngroup.com/processed-images/products/small/DMA4216444.jpg,Charcoal/Nickel,https://cdn.sandersondesigngroup.com/processed-images/products/small/DMA4216445.jpg,,,,,,,,,,,,,
PURE FRUIT,Black Ink,https://cdn.sandersondesigngroup.com/processed-images/products/small/DMPN216543.jpg,Grey Blue,https://cdn.sandersondesigngroup.com/processed-images/products/small/DMPN216540.jpg,Gilver,https://cdn.sandersondesigngroup.com/processed-images/products/small/DMPN216541.jpg,Horned Poppy / Grey,https://cdn.sandersondesigngroup.com/processed-images/products/small/DMPN216542.jpg,,,,,,,,,
PURE SCROLL,Ink,https://cdn.sandersondesigngroup.com/processed-images/products/small/DMPN216547.jpg,Lightish Grey,https://cdn.sandersondesigngroup.com/processed-images/products/small/DMPN216544.jpg,White Clover,https://cdn.sandersondesigngroup.com/processed-images/products/small/DMPN216545.jpg,Gilver,https://cdn.sandersondesigngroup.com/processed-images/products/small/DMPN216546.jpg,,,,,,,,,
MIDDLEMORE,Cornflower Chalk,https://cdn.sandersondesigngroup.com/processed-images/products/small/DMSW216698.jpg,Moss Gold,https://cdn.sandersondesigngroup.com/processed-images/products/small/DMSW216695.jpg,Sage Grey,https://cdn.sandersondesigngroup.com/processed-images/products/small/DMSW216694.jpg,Linen Chalk,https://cdn.sandersondesigngroup.com/processed-images/products/small/DMSW216697.jpg,,Antique Gold,https://cdn.sandersondesigngroup.com/processed-images/products/small/DMSW216696.jpg,Chalk Charcoal,https://cdn.sandersondesigngroup.com/processed-images/products/small/DMSW216693.jpg,,,,
MARY ISOBEL,Silk Blue/Pink,https://cdn.sandersondesigngroup.com/processed-images/products/small/DM3W214731.jpg,Rose/Artichoke,https://cdn.sandersondesigngroup.com/processed-images/products/small/DM3W214729.jpg,Wine/Linen,https://cdn.sandersondesigngroup.com/processed-images/products/small/DM3W214727.jpg,,,,,,,,,,,
PURE BACHELORS BUTTON,Grey Blue,https://cdn.sandersondesigngroup.com/processed-images/products/small/DMPN216554.jpg,Faded Sea Pink,https://cdn.sandersondesigngroup.com/processed-images/products/small/DMPN216553.jpg,,,,,,,,,,,,,
SIMPLY SEVERN,Bayleaf/Annatto,https://cdn.sandersondesigngroup.com/processed-images/products/small/MSIM217074.jpg,Woad,https://cdn.sandersondesigngroup.com/processed-images/products/small/MSIM217075.jpg,Dove,https://cdn.sandersondesigngroup.com/processed-images/products/small/MSIM217076.jpg,Cochineal/Willow,https://cdn.sandersondesigngroup.com/processed-images/products/small/MSIM217073.jpg,,,,,,,,,
CHRYSANTHEMUM TOILE,Willow,https://cdn.sandersondesigngroup.com/processed-images/products/small/MSIM217069.jpg,Cochineal Pink,https://cdn.sandersondesigngroup.com/processed-images/products/small/MSIM217070.jpg,Weld,https://cdn.sandersondesigngroup.com/processed-images/products/small/MSIM217068.jpg,,,,,,,,,,,
LEMON TREE,Wedgewood,https://cdn.sandersondesigngroup.com/processed-images/products/small/DMSW216674.jpg,Sage,https://cdn.sandersondesigngroup.com/processed-images/products/small/DMSW216673.jpg,Bay Leaf,https://cdn.sandersondesigngroup.com/processed-images/products/small/DMSW216672.jpg,,,,,,,,,,,
STANDEN,Seaglass,https://cdn.sandersondesigngroup.com/processed-images/products/small/MSIM217067.jpg,Leaf Green,https://cdn.sandersondesigngroup.com/processed-images/products/small/MSIM217066.jpg,,,,,,,,,,,,,
BRER RABBIT,Indigo/Vellum,https://cdn.sandersondesigngroup.com/processed-images/products/small/DMCW210411.jpg,Slate/Vellum,https://cdn.sandersondesigngroup.com/processed-images/products/small/DMCW210413.jpg,Church Red/Biscuit,https://cdn.sandersondesigngroup.com/processed-images/products/small/DMCW210410.jpg,Manilla/Ivory,https://cdn.sandersondesigngroup.com/processed-images/products/small/DMCW210412.jpg,,,,,,,,,
MEDWAY,Light Neutral,https://cdn.sandersondesigngroup.com/processed-images/products/small/DMCW210448.jpg,Terracotta,https://cdn.sandersondesigngroup.com/processed-images/products/small/DMCW210451.jpg,Gold,https://cdn.sandersondesigngroup.com/processed-images/products/small/DMCW210446.jpg,,,,,,,,,,,
TULIP & WILLOW,,,,https://cdn.sandersondesigngroup.com/processed-images/products/small/DMCW210488.jpg,,,,,Neutral,,,,,,,,
ACANTHUS SCROLL,,,,https://cdn.sandersondesigngroup.com/processed-images/products/small/DMCW210404.jpg,,,,,Parchment/Hemp,,,,,,,,
TRELLIS,,,,https://cdn.sandersondesigngroup.com/processed-images/products/small/DMCW210487.jpg,,,,,Vanilla/Plaster,,,,,,,,
ARBUTUS,Blue/Pink,https://cdn.sandersondesigngroup.com/processed-images/products/small/DMCW210407.jpg,Dark Green/Red,https://cdn.sandersondesigngroup.com/processed-images/products/small/DMCW210406.jpg,Green/Terracotta,https://cdn.sandersondesigngroup.com/processed-images/products/small/DMCW210408.jpg,,,,,,,,,,,
WINDRUSH,Aubergine & Wine,https://cdn.sandersondesigngroup.com/processed-images/products/small/DMCW210492.jpg,Dark Red Brick,https://cdn.sandersondesigngroup.com/processed-images/products/small/DMCW210493.jpg,Gold & Thyme,https://cdn.sandersondesigngroup.com/processed-images/products/small/DMCW210494.jpg,,,,,,,,,,,
INDIAN,Gold/Black,https://cdn.sandersondesigngroup.com/processed-images/products/small/DMCW210437.jpg,Red/Black,https://cdn.sandersondesigngroup.com/processed-images/products/small/DMCW210438.jpg,,,,,,,,,,,,,
COMPTON,Indigo/Russet,https://cdn.sandersondesigngroup.com/processed-images/products/small/DMCW210421.jpg,Brown/Orange,https://cdn.sandersondesigngroup.com/processed-images/products/small/DMCW210420.jpg,,,,,,,,,,,,,
PURE NET CEILING,Charcoal/Gold,https://cdn.sandersondesigngroup.com/processed-images/products/small/DMPU216036.jpg,Stone/Chalk,https://cdn.sandersondesigngroup.com/processed-images/products/small/DMPU216037.jpg,Cream/Eggshell,https://cdn.sandersondesigngroup.com/processed-images/products/small/DMPU216038.jpg,Ecru/Linen,https://cdn.sandersondesigngroup.com/processed-images/products/small/DMPU216039.jpg,,,,,,,,,
THISTLE,Black/Linen,https://cdn.sandersondesigngroup.com/processed-images/products/small/DMCW210479.jpg,Eggshell/Ivory,https://cdn.sandersondesigngroup.com/processed-images/products/small/DMCW210481.jpg,Ivory,https://cdn.sandersondesigngroup.com/processed-images/products/small/DMCW210485.jpg,Mulberry/Linen,https://cdn.sandersondesigngroup.com/processed-images/products/small/DMCW210482.jpg,,Red,https://cdn.sandersondesigngroup.com/processed-images/products/small/DMCW210486.jpg,Dove/Gold,https://cdn.sandersondesigngroup.com/processed-images/products/small/DMCW210480.jpg,Gold,https://cdn.sandersondesigngroup.com/processed-images/products/small/DMCW210484.jpg,,
BRANCH,Forest,https://cdn.sandersondesigngroup.com/processed-images/products/small/DM6P210374.jpg,Sage,https://cdn.sandersondesigngroup.com/processed-images/products/small/DM6P210375.jpg,Tempera Cream,https://cdn.sandersondesigngroup.com/processed-images/products/small/DM6P210378.jpg,,,,,,,,,,,
DAISY,,,,https://cdn.sandersondesigngroup.com/processed-images/products/small/DMCW210424.jpg,,,,,Manilla/Russet,,,,,,,,
GARDEN TULIP,,,,https://cdn.sandersondesigngroup.com/processed-images/products/small/DMCW210428.jpg,,,,,Vanilla/Russet,,,,,,,,
IRIS,,,,https://cdn.sandersondesigngroup.com/processed-images/products/small/DMCW210439.jpg,,,,,Fennel/Slate,,,,,,,,
GRANADA,,,,https://cdn.sandersondesigngroup.com/processed-images/products/small/DMCW210433.jpg,,,,,Eggshell/Gold,,,,,,,,
SAVERNAKE,,,,https://cdn.sandersondesigngroup.com/processed-images/products/small/DMCW210461.jpg,,,,,Pale Loden,,,,,,,,
LILY LEAF,Eggshell,https://cdn.sandersondesigngroup.com/processed-images/products/small/DMCW210440.jpg,Woad,https://cdn.sandersondesigngroup.com/processed-images/products/small/DMCW210445.jpg,Neutral,https://cdn.sandersondesigngroup.com/processed-images/products/small/DMCW210442.jpg,Red,https://cdn.sandersondesigngroup.com/processed-images/products/small/DMCW210444.jpg,,Gold,https://cdn.sandersondesigngroup.com/processed-images/products/small/DMCW210441.jpg,,,,,,
ACORN,,,,https://cdn.sandersondesigngroup.com/processed-images/products/small/DMCW210405.jpg,,,,,Sisal,,,,,,,,
PEARWOOD,Ivory/Thyme,https://cdn.sandersondesigngroup.com/processed-images/products/small/DMCW210457.jpg,Ivory/Slate,https://cdn.sandersondesigngroup.com/processed-images/products/small/DMCW210460.jpg,Russet/Honeycomb,https://cdn.sandersondesigngroup.com/processed-images/products/small/DMCW210458.jpg,Ivory/Manilla,https://cdn.sandersondesigngroup.com/processed-images/products/small/DMCW210459.jpg,,,,,,,,,
OWEN JONES,Beige,https://cdn.sandersondesigngroup.com/processed-images/products/small/DMCW210452.jpg,Ivory,https://cdn.sandersondesigngroup.com/processed-images/products/small/DMCW210455.jpg,Madder,https://cdn.sandersondesigngroup.com/processed-images/products/small/DMCW210456.jpg,Honey/Beige,https://cdn.sandersondesigngroup.com/processed-images/products/small/DMCW210454.jpg,,,,,,,,,
LARKSPUR,Manilla/Old Rose,https://cdn.sandersondesigngroup.com/processed-images/products/small/DARW212557.jpg,Slate/Russet,https://cdn.sandersondesigngroup.com/processed-images/products/small/DARW212556.jpg,Olive/Lilac,https://cdn.sandersondesigngroup.com/processed-images/products/small/DARW212555.jpg,Green/Coral,https://cdn.sandersondesigngroup.com/processed-images/products/small/DARW212558.jpg,,,,,,,,,
ELMCOTE,Dearle Blue,https://cdn.sandersondesigngroup.com/processed-images/products/small/MEWW217200.jpg,Herball,https://cdn.sandersondesigngroup.com/processed-images/products/small/MEWW217201.jpg,Sunflower,https://cdn.sandersondesigngroup.com/processed-images/products/small/MEWW217202.jpg,,,,,,,,,,,
EMERY'S WILLOW,Emery Blue,https://cdn.sandersondesigngroup.com/processed-images/products/small/MEWW217183.jpg,Herball,https://cdn.sandersondesigngroup.com/processed-images/products/small/MEWW217184.jpg,Chrysanthemum Pink,https://cdn.sandersondesigngroup.com/processed-images/products/small/MEWW217186.jpg,Citrus Stone,https://cdn.sandersondesigngroup.com/processed-images/products/small/MEWW217185.jpg,,,,,,,,,
WALLFLOWER,Woad Blue,https://cdn.sandersondesigngroup.com/processed-images/products/small/MEWW217187.jpg,Mumington's Stem,https://cdn.sandersondesigngroup.com/processed-images/products/small/MEWW217189.jpg,Chrysanthemum Pink,https://cdn.sandersondesigngroup.com/processed-images/products/small/MEWW217188.jpg,,,,,,,,,,,
BOWER,Herball/Weld,https://cdn.sandersondesigngroup.com/processed-images/products/small/MEWW217204.jpg,Indigo/Barbed Berry,https://cdn.sandersondesigngroup.com/processed-images/products/small/MEWW217203.jpg,Bough's Green/Rose,https://cdn.sandersondesigngroup.com/processed-images/products/small/MEWW217205.jpg,,,,,,,,,,,
RAMBLING ROSE,Emery Blue/Spring Thicket,https://cdn.sandersondesigngroup.com/processed-images/products/small/MEWW217206.jpg,Leafy Arbour/Pearwood,https://cdn.sandersondesigngroup.com/processed-images/products/small/MEWW217208.jpg,Twining Vine,https://cdn.sandersondesigngroup.com/processed-images/products/small/MEWW217207.jpg,,,,,,,,,,,
IRIS,,,,https://cdn.sandersondesigngroup.com/processed-images/products/small/DGW1Q5103.jpg,,,,,Floral And Botanical,,,,,,,,
BRAMBLE,Pale Blue,https://cdn.sandersondesigngroup.com/processed-images/products/small/DM3W214698.jpg,Charcoal,https://cdn.sandersondesigngroup.com/processed-images/products/small/DM3W214699.jpg,Thyme,https://cdn.sandersondesigngroup.com/processed-images/products/small/DM3W214696.jpg,Red,https://cdn.sandersondesigngroup.com/processed-images/products/small/DM3W214697.jpg,,,,,,,,,
FRUIT,,,,https://cdn.sandersondesigngroup.com/processed-images/products/small/DGW1FU103.jpg,,,,,Blue/Gold/Brown,,,,,,,,
CHRYSANTHEMUM,China Blue/Cream,https://cdn.sandersondesigngroup.com/processed-images/products/small/DMCW210415.jpg,Ivory/Gold,https://cdn.sandersondesigngroup.com/processed-images/products/small/DMCW210417.jpg,Ivory/Canvas,https://cdn.sandersondesigngroup.com/processed-images/products/small/DMCW210419.jpg,Grape/Bronze,https://cdn.sandersondesigngroup.com/processed-images/products/small/DMCW210416.jpg,,,,,,,,,
GOLDEN LILY,,,,https://cdn.sandersondesigngroup.com/processed-images/products/small/DMCW210430.jpg,,,,,Mineral,,,,,,,,
MORRIS SEAWEED,,,,https://cdn.sandersondesigngroup.com/processed-images/products/small/DMCR216485.jpg,,,,,Ink/Woad,,,,,,,,
FRUIT,,,,https://cdn.sandersondesigngroup.com/processed-images/products/small/DM6P210397.jpg,,,,,Wine/Manilla,,,,,,,,
GOLDEN LILY,,,,https://cdn.sandersondesigngroup.com/processed-images/products/small/DM6P210402.jpg,,,,,Fig/Burnt Orange,,,,,,,,
HONEYSUCKLE,,,,https://cdn.sandersondesigngroup.com/processed-images/products/small/DMCW210436.jpg,,,,,Green/Coral Pink,,,,,,,,
SWEET BRIAR,,,,https://cdn.sandersondesigngroup.com/processed-images/products/small/DMCW210478.jpg,,,,,Green/Blue/Rose,,,,,,,,
PIMPERNEL,,,,https://cdn.sandersondesigngroup.com/processed-images/products/small/DMCR216472.jpg,,,,,Privet/Slate,,,,,,,,
FRUIT,,,,https://cdn.sandersondesigngroup.com/processed-images/products/small/DMCW210427.jpg,,,,,Lime Green/Tan,,,,,,,,
STANDEN,Slate,https://cdn.sandersondesigngroup.com/processed-images/products/small/DMCW210472.jpg,Light Green,https://cdn.sandersondesigngroup.com/processed-images/products/small/DMCW210470.jpg,Forest,https://cdn.sandersondesigngroup.com/processed-images/products/small/DMCW210471.jpg,Canvas,https://cdn.sandersondesigngroup.com/processed-images/products/small/DMCW210462.jpg,,Flaxon,https://cdn.sandersondesigngroup.com/processed-images/products/small/DMCW210466.jpg,Beige/Brick Red,https://cdn.sandersondesigngroup.com/processed-images/products/small/DMCW210467.jpg,Honeycombe,https://cdn.sandersondesigngroup.com/processed-images/products/small/DMCW210464.jpg,Buff,https://cdn.sandersondesigngroup.com/processed-images/products/small/DMCW210468.jpg
SUNFLOWER,Pale Green,https://cdn.sandersondesigngroup.com/processed-images/products/small/DMCW210477.jpg,Parchment/Gold,https://cdn.sandersondesigngroup.com/processed-images/products/small/DMCW210475.jpg,Church Red/Biscuit,https://cdn.sandersondesigngroup.com/processed-images/products/small/DMCW210473.jpg,,,,,,,,,,,
LEICESTER,Chocolate/Olive,https://cdn.sandersondesigngroup.com/processed-images/products/small/DARW212542.jpg,Green/Coral,https://cdn.sandersondesigngroup.com/processed-images/products/small/DARW212543.jpg,Marble/Rose,https://cdn.sandersondesigngroup.com/processed-images/products/small/DARW212544.jpg,,,,,,,,,,,
PIMPERNEL,,,,https://cdn.sandersondesigngroup.com/processed-images/products/small/DM6P210390.jpg,,,,,Fig/Sisal,,,,,,,,
WANDLE,Forest/Mustard,https://cdn.sandersondesigngroup.com/processed-images/products/small/DMA4216421.jpg,Wine/Saffron,https://cdn.sandersondesigngroup.com/processed-images/products/small/DMA4216424.jpg,,,,,,,,,,,,,
THE BEAUTY OF LIFE,Indigo,https://cdn.sandersondesigngroup.com/processed-images/products/small/MEWW217190.jpg,Sunflower,https://cdn.sandersondesigngroup.com/processed-images/products/small/MEWW217191.jpg,,,,,,,,,,,,,
BIRD,Webb's Blue,https://cdn.sandersondesigngroup.com/processed-images/products/small/MEWW217193.jpg,Bough's Green,https://cdn.sandersondesigngroup.com/processed-images/products/small/MEWW217192.jpg,Wooded Dell,https://cdn.sandersondesigngroup.com/processed-images/products/small/MEWW217194.jpg,Madder/Weld,https://cdn.sandersondesigngroup.com/processed-images/products/small/MEWW217195.jpg,,,,,,,,,
BORAGE,Inky Fingers,https://cdn.sandersondesigngroup.com/processed-images/products/small/MEWW217199.jpg,Leafy Arbour,https://cdn.sandersondesigngroup.com/processed-images/products/small/MEWW217198.jpg,Red House,https://cdn.sandersondesigngroup.com/processed-images/products/small/MEWW217196.jpg,Sunflower,https://cdn.sandersondesigngroup.com/processed-images/products/small/MEWW217197.jpg,,,,,,,,,
TRENT,Teal,https://cdn.sandersondesigngroup.com/processed-images/products/small/MEWW217209.jpg,River Wandle,https://cdn.sandersondesigngroup.com/processed-images/products/small/MEWW217210.jpg,,,,,,,,,,,,,
